start,end,cat,name,race_id
5/01/2022,9/01/2022,2.2,New Zealand Cycle Classic,39276
12/01/2022,,NCT2,National Championships Australia (Buninyong) I.T.T.,39277
16/01/2022,,NC2,National Championships Australia (Buninyong) R.R.,39287
16/01/2022,23/01/2022,2.2,Vuelta al Tachira,39286
23/01/2022,,1.2,GP Valencia,39288
26/01/2022,,1.1,Trofeo Calvia,39289
27/01/2022,,1.1,Trofeo Alcudia,39292
28/01/2022,,1.1,Trofeo Serra de Tramuntana,39290
28/01/2022,1/02/2022,2.2,Sharjah Tour,39322
29/01/2022,,1.1,Trofeo Pollença - Port d'Andratx,39291
30/01/2022,,1.1,Trofeo Playa de Palma,39293
30/01/2022,,1.1,GP La Marseillaise,39294
30/01/2022,,1.2,GP Mega Saray,39295
30/01/2022,6/02/2022,2.PS,Vuelta a San Juan,39455
1/02/2022,5/02/2022,2.1,Saudi Tour,39328
2/02/2022,6/02/2022,2.1,Etoile de Bessèges / Tour du Gard,39334
2/02/2022,6/02/2022,2.PS,Volta a la Comunitat Valenciana,39340
4/02/2022,,NCT5,National Championships Namibia (Windhoek) I.T.T.,39298
5/02/2022,,1.2,GP Alanya,39296
6/02/2022,,NC5,National Championships Namibia (Windhoek) R.R.,39299
9/02/2022,13/02/2022,2.2,Vuelta del Porvenir San Luis,39346
10/02/2022,,NCT2,National Championships Colombia (Pereira) I.T.T.,39300
10/02/2022,13/02/2022,2.1,Tour of Antalya,39351
10/02/2022,13/02/2022,2.PS,Tour de La Provence,39356
10/02/2022,15/02/2022,2.PS,Tour of Oman,39746
11/02/2022,,NCT4,National Championships New Zealand (Cambridge) I.T.T.,39302
11/02/2022,,NCT3,National Championships South Africa (Graskop) I.T.T.,39304
11/02/2022,,NC5,National Championships Bahrain (Sakhir) R.R.,39433
12/02/2022,,1.1,Vuelta a Murcia,39306
13/02/2022,,NC2,National Championships Colombia (Pereira) R.R.,39301
13/02/2022,,NC4,National Championships New Zealand (Cambridge) R.R.,39303
13/02/2022,,NC3,National Championships South Africa (Graskop) R.R.,39305
13/02/2022,,1.PS,Clasica de Almeria,39307
14/02/2022,,1.1,Jaén Paraíso Interior,39308
16/02/2022,20/02/2022,2.PS,Volta ao Algarve,39362
16/02/2022,20/02/2022,2.PS,Vuelta a Andalucia / Ruta Del Sol,39368
18/02/2022,,NCT3,National Championships Ecuador (Quito) I.T.T.,39309
18/02/2022,,NCT5,National Championships Bahrain (Zallaq) I.T.T.,39432
18/02/2022,20/02/2022,2.1,Tour des Alpes-Maritimes et du Var,39372
19/02/2022,,1.2,GP Velo Alanya,39311
20/02/2022,,NC3,National Championships Ecuador (Quito) R.R.,39310
20/02/2022,,1.2,GP Justiniano Hotels,39312
20/02/2022,,NC5,National Championships Uruguay (Rocha) R.R.,40093
20/02/2022,26/02/2022,2.WT3,UAE Tour,39380
20/02/2022,27/02/2022,2.1,Tour du Rwanda,39390
24/02/2022,27/02/2022,2.1,O Gran Camiño,39395
26/02/2022,,1.PS,Faun Ardèche Classic,39313
26/02/2022,,1.WT3,Omloop Het Nieuwsblad,39315
27/02/2022,,1.PS,Faun Drôme Classic,39314
27/02/2022,,1.PS,Kuurne - Brussel - Kuurne,39316
1/03/2022,,1.1,Le Samyn,39396
2/03/2022,,1.2,Trofej Umag - Umag Trophy,39397
2/03/2022,,1.PS,Trofeo Laigueglia,39398
5/03/2022,,NCT5,National Championships United Arab Emirates (Nazwa) I.T.T.,39399
5/03/2022,,1.2,Ster van Zwolle,39401
5/03/2022,,1.2,GP Gazipasa,39402
5/03/2022,,1.WT3,Strade Bianche,39403
6/03/2022,,1.2,GP Ville de Lillers - Souvenir Bruno Comini,39404
6/03/2022,,1.2,GP Mediterranean,39405
6/03/2022,,1.2,Visit Friesland Elfsteden Race,39406
6/03/2022,,1.1,GP Jean-Pierre Monseré,39407
6/03/2022,,1.2,Trofej Porec - Porec Trophy,39408
6/03/2022,13/03/2022,2.WT1,Paris - Nice,39483
7/03/2022,13/03/2022,2.WT1,Tirreno - Adriatico,39493
10/03/2022,13/03/2022,2.2,Istarsko proljece - Istrian Spring Trophy,39499
12/03/2022,,NCT5,National Championships Uruguay (Punta del Este) I.T.T.,40097
12/03/2022,,NC5,National Championships Qatar (Dukhan) R.R.,40098
12/03/2022,,NC5,National Championships United Arab Emirates (Kalba) R.R.,40099
12/03/2022,13/03/2022,2.2,South Aegean Tour,39513
13/03/2022,,1.1,Ronde van Drenthe,39410
13/03/2022,,1.2,Dorpenomloop Rucphen,39411
13/03/2022,,1.2,Classica da Arrabida,39412
16/03/2022,,1.PS,Nokere Koerse,39413
16/03/2022,,1.PS,Milano - Torino,39414
16/03/2022,20/03/2022,2.2,Jelajah Malaysia,39465
16/03/2022,20/03/2022,2.2,Volta ao Alentejo,39520
17/03/2022,,1.PS,GP de Denain - Porte du Hainaut,39415
17/03/2022,20/03/2022,2.2,Olympia's Tour,39526
18/03/2022,,1.PS,Bredene Koksijde Classic,39416
18/03/2022,,1.2U,Youngster Coast Challenge,40100
19/03/2022,,1.2,GP Manavgat Side,39419
19/03/2022,,1.1,Classic Loire Atlantique,39420
19/03/2022,,1.WT1,Milano - Sanremo,39421
20/03/2022,,1.1,GP Cholet - Pays de Loire,39422
20/03/2022,,1.2,Rhodes GP,39423
20/03/2022,,1.1,Per Sempre Alfredo,39424
20/03/2022,,1.2,Popolarissima,39425
20/03/2022,,1.2,GP Gündogmus,39426
20/03/2022,,1.2,GP Slovenian Istria - Izola,39427
20/03/2022,,1.2,GP Criquielion,39428
20/03/2022,27/03/2022,2.PS,Tour of Hainan,39535
21/03/2022,27/03/2022,2.2,Tour de Normandie,39543
21/03/2022,27/03/2022,2.WT2,Volta a Catalunya,39551
22/03/2022,26/03/2022,2.1,Settimana Coppi e Bartali,39560
23/03/2022,,1.WT3,Minerva Classic Brugge-De Panne,39429
23/03/2022,,CCT2,African Cycling Championships (Sharm El-Sheik) T.T.T.,40106
24/03/2022,,1.2,GP Vipava Valley & Crossborder Gorika,39430
24/03/2022,,CCT2,African Cycling Championships (Sharm El-Sheik) I.T.T.,40107
24/03/2022,27/03/2022,2.2,Tour of Rhodes,39565
25/03/2022,,1.WT2,E3 Harelbeke,39431
25/03/2022,,CCT2,Asian Cycling Championships (Dushanbe) T.T.T.,40101
25/03/2022,,CCT2,African Cycling Championships (Sharm El-Sheik) Mixed Relay T.T.T.,40105
25/03/2022,,NCT5,National Championships Bolivia (Tolomosa) I.T.T.,40109
27/03/2022,,CCT2,Asian Cycling Championships (Dushanbe) I.T.T.,39434
27/03/2022,,1.WT2,Gent - Wevelgem,39438
27/03/2022,,1.2,GP Adria Mobil,39439
27/03/2022,,1.1,La Roue Tourangelle,39440
27/03/2022,,1.2U,Trofeo Citta di San Vendemiano,39441
27/03/2022,,1.PS,GP Industria & Artigianato - Larciano,39442
27/03/2022,,1.NC,Kattekoers Ieper / Gent - Wevelgem u23,39443
27/03/2022,,CC2,African Cycling Championships (Sharm El-Sheik) R.R.,40108
27/03/2022,,NC5,National Championships Bolivia (Tolomosa) R.R.,40110
29/03/2022,,CC2,Asian Cycling Championships (Dushanbe) R.R.,39435
30/03/2022,,1.WT3,Dwars door Vlaanderen,39446
1/04/2022,,1.1,Route Adélie de Vitré,39688
1/04/2022,,NCT5,National Championships Chile (Curico) I.T.T.,40118
1/04/2022,3/04/2022,2.2U,Triptyque des Monts et Châteaux,39570
1/04/2022,6/04/2022,2.1,Tour of Thailand,39577
2/04/2022,,1.PS,GP Miguel Indurain,39689
2/04/2022,,1.1,Volta Limburg Classic,39690
2/04/2022,,NC5,National Championships Lesotho (Maseru) R.R.,40120
3/04/2022,,1.2U,Trofeo Piva,39691
3/04/2022,,1.WT1,Ronde van Vlaanderen,39692
4/04/2022,9/04/2022,2.WT2,Itzulia Basque Country,39584
5/04/2022,8/04/2022,2.1,Circuit Cycliste Sarthe - Pays de la Loire,39591
5/04/2022,8/04/2022,2.2,Tour of Mevlana,39596
6/04/2022,,1.PS,Scheldeprijs,39693
6/04/2022,9/04/2022,2.2,Circuit des Ardennes,39601
7/04/2022,10/04/2022,2.2,Vuelta a Formosa,40126
9/04/2022,,1.2U,Trofeo Edil C,39694
9/04/2022,,CCT2,Oceania Cycling Championships (Brisbane) I.T.T.,40116
10/04/2022,,1.WT2,Amstel Gold Race,39695
10/04/2022,,CC2,Oceania Cycling Championships (Brisbane) R.R.,40115
10/04/2022,17/04/2022,2.PS,Presidential Tour of Turkey,39624
12/04/2022,,1.1,Paris - Camembert,39696
12/04/2022,,NCT5,National Championships Qatar (Lusail) I.T.T.,40127
12/04/2022,15/04/2022,2.1,Giro di Sicilia,39629
13/04/2022,,1.PS,Brabantse Pijl,39697
13/04/2022,17/04/2022,2.2,Tour du Loir et Cher,39635
13/04/2022,17/04/2022,2.1,Beograd - Banja Luka,39640
15/04/2022,,NCT4,National Championships Argentina (Albardon) I.T.T.,39417
15/04/2022,,1.1,Classic Grand Besançon Doubs,40114
16/04/2022,,1.1,Tour du Jura,39699
16/04/2022,,1.2,Arno Wallaard Memorial,39700
16/04/2022,,1.2U,Liège - Bastogne - Liège Espoirs,39701
17/04/2022,,NC4,National Championships Argentina (Albardon) R.R.,39418
17/04/2022,,1.WT1,Paris - Roubaix,39702
18/04/2022,,1.2U,Giro del Belvedere di Villa di Cordignano,39703
18/04/2022,22/04/2022,2.PS,Tour of the Alps,39646
19/04/2022,,1.2U,GP Palio del Recioto,39704
20/04/2022,,1.WT2,Flèche Wallonne,39705
24/04/2022,,1.2,Rutland - Melton Classic,39706
24/04/2022,,1.WT1,Liège - Bastogne - Liège,39708
25/04/2022,,1.2U,GP della Liberazione,39709
25/04/2022,1/05/2022,2.2,Tour de Bretagne,39654
26/04/2022,1/05/2022,2.WT1,Tour de Romandie,39666
27/04/2022,1/05/2022,2.1,Tour of Hellas,39673
27/04/2022,1/05/2022,2.2,Tour of the Gila,39679
29/04/2022,,1.2,GP Nasielsk-Serock,39710
29/04/2022,1/05/2022,2.1,Vuelta a Asturias,39683
29/04/2022,3/05/2022,2.2U,Carpathian Couriers Race,39687
30/04/2022,,1.2,Zuidenveld Tour,39711
30/04/2022,,1.2,GP Wyszkow,39712
1/05/2022,,1.2U,Rund um den Finanzplatz Eschborn - Frankfurt u23,39713
1/05/2022,,1.WT3,Rund um den Finanzplatz Eschborn - Frankfurt,39714
1/05/2022,,1.2,Circuito del Porto - Trofeo Arvedi,39716
3/05/2022,8/05/2022,2.PS,4 Jours de Dunkerque,39752
3/05/2022,8/05/2022,2.2,Tour du Benin,40148
4/05/2022,,NCT5,National Championships Cyprus (Perivolia) I.T.T.,40133
6/05/2022,,NCT4,National Championships Panama (Chiriqui) I.T.T.,40135
6/05/2022,29/05/2022,GT2,Giro d'Italia,39778
7/05/2022,,1.2,Sundvolden GP,39717
7/05/2022,,1.2,Ronde van Overijssel,39718
8/05/2022,,1.2,Flèche Ardennaise,39719
8/05/2022,,1.2,Ringerike GP,39720
8/05/2022,,1.2U,GP Industrie del Marmo,39721
8/05/2022,,NC5,National Championships Cyprus (Analiontas) R.R.,40134
8/05/2022,,NC4,National Championships Panama (Chiriqui) R.R.,40136
11/05/2022,15/05/2022,2.1,Tour de Hongrie,39786
12/05/2022,,CCT2,Pan-American Championships (San Juan) I.T.T.,40138
14/05/2022,,1.PS,GP du Morbihan,39722
15/05/2022,,1.PS,Tro-Bro Léon,39723
15/05/2022,,1.2U,Paris - Roubaix Espoirs,39724
15/05/2022,,CC2,Pan-American Championships (San Juan) R.R.,40137
19/05/2022,22/05/2022,2.2,Tour of Japan,39795
19/05/2022,22/05/2022,2.2,Joe Martin Stage Race,39808
19/05/2022,22/05/2022,2.2,Tour of Limpopo,39813
20/05/2022,,XX,Southeast Asian Games (Hoa Binh) I.T.T.,40140
20/05/2022,22/05/2022,2.2,Sri Lanka T-Cup,39817
21/05/2022,,1.2,GP Herning,39725
21/05/2022,,1.1,Veenendaal - Veenendaal Classic,39726
21/05/2022,,1.1,Tour du Finistère,39727
21/05/2022,,XX,Southeast Asian Games (Hoa Binh) R.R.,40139
22/05/2022,,1.1,Rund um Köln,39728
22/05/2022,,1.2,Fyn Rundt,39729
22/05/2022,,1.1,Boucles de l'Aulne - Châteaulin,39730
22/05/2022,,1.2,GP Gorenjska,39732
22/05/2022,,1.1,Antwerp Port Epic,40141
24/05/2022,29/05/2022,2.PS,Tour of Norway,39829
25/05/2022,29/05/2022,2.2,Flèche du Sud,39835
25/05/2022,29/05/2022,2.2,Alpes Isère Tour,39841
26/05/2022,,1.1,Circuit de Wallonie,39733
26/05/2022,28/05/2022,2.1,Tour of Estonia,39848
26/05/2022,29/05/2022,2.2,Tour de la Mirabelle,39853
26/05/2022,29/05/2022,2.PS,Boucles de la Mayenne,39858
27/05/2022,29/05/2022,2.2,Tour de Kumano,39862
28/05/2022,,1.2U,Strade Bianche di Romagna,40189
29/05/2022,,1.2U,Coppa della Pace - Trofeo Fratelli Anelli,39736
29/05/2022,,1.1,Marcel Kint Classic,39737
29/05/2022,,NC5,National Championships Togo (Lomé) R.R.,40546
31/05/2022,,1.1,Mercan'Tour Classic Alpes-Maritimes,39739
31/05/2022,4/06/2022,2.2,Tour of Albania,40177
2/06/2022,,1.2,Trofeo Alcide DeGasperi,40149
2/06/2022,,1.1,Giro dell'Appennino,40150
2/06/2022,5/06/2022,2.2,Ronde de l'Oise,39870
2/06/2022,5/06/2022,2.NC,Course de la Paix U23 - GP Jeseniky,39875
3/06/2022,,NCT5,National Championships Thailand (Soi Dao) I.T.T.,40271
3/06/2022,5/06/2022,2.2,Tour of Malopolska,39880
3/06/2022,12/06/2022,2.2,Vuelta a Colombia,39891
4/06/2022,,1.1,Heistse Pijl,40151
4/06/2022,,NCT5,National Championships Benin (Covè) I.T.T.,40548
4/06/2022,8/06/2022,2.1,Adriatica Ionica Race,40184
4/06/2022,12/06/2022,2.2,Tour du Cameroun,40199
5/06/2022,,1.2,Mémorial Philippe van Coningsloo,40152
5/06/2022,,1.PS,Brussels Cycling Classic,40154
5/06/2022,,NCT5,National Championships Saint Vincent & the Grenadines (Arnos Vale - Belvedere) I.T.T.,40200
5/06/2022,,NC5,National Championships Thailand (Soi Dao) R.R.,40272
5/06/2022,,1.2U,Trofeo Citta di Meldola,40347
5/06/2022,,NC5,National Championships Benin (Covè - Baname) R.R.,40547
5/06/2022,12/06/2022,2.WT1,Critérium du Dauphiné,39900
6/06/2022,,1.1,Ronde van Limburg,40155
6/06/2022,,1.2,Paris - Troyes,40156
6/06/2022,,NC5,National Championships Saint Vincent & the Grenadines (Arnos Vale) R.R.,40201
8/06/2022,,1.2U,1a Coppa Zappi - Trofeo Hotel Antico Borgo,40190
8/06/2022,12/06/2022,2.2,Five Rings of Moscow,39908
8/06/2022,12/06/2022,2.PS,ZLM Tour,39914
9/06/2022,,NCT4,National Championships Venezuela (Naguanagua) I.T.T.,40525
9/06/2022,12/06/2022,2.2,Oberösterreichrundfahrt,39919
10/06/2022,,1.1,GP Kanton Aargau - Gippingen,40157
10/06/2022,12/06/2022,2.2,Tour d'Eure-et-Loir,39934
11/06/2022,,1.PS,Dwars door het Hageland - Aarschot,40158
11/06/2022,18/06/2022,2.2U,Giro dItalia Giovani Under 23,39930
12/06/2022,,1.1,Elfstedenronde - Brugge,40159
12/06/2022,,NC4,National Championships Venezuela (Valencia) R.R.,40526
12/06/2022,19/06/2022,2.WT1,Tour de Suisse,39943
14/06/2022,,1.1,Mont Ventoux Dénivelé Challenge,40160
15/06/2022,19/06/2022,2.PS,Belgium Tour,39957
15/06/2022,19/06/2022,2.PS,Tour of Slovenia,39963
16/06/2022,19/06/2022,2.1,Route d'Occitanie,39973
17/06/2022,,NCT5,National Championships Costa Rica (Liberia) I.T.T.,40161
17/06/2022,,NCT5,National Championships Morocco (Benslimane) I.T.T.,40208
17/06/2022,,NCT4,National Championships Finland (Porvoo) I.T.T.,40538
17/06/2022,19/06/2022,2.2,Tour du Pays de Montbéliard,39977
18/06/2022,,NCT5,National Championships Honduras (Canal Seco) I.T.T.,40513
18/06/2022,,NCT5,National Championships Mauritius (Côte dOr) I.T.T.,40515
19/06/2022,,NC5,National Championships Costa Rica (Liberia) R.R.,40162
19/06/2022,,1.2,Midden-Brabant Poort Omloop,40170
19/06/2022,,NC5,National Championships Morocco (Benslimane) R.R.,40209
19/06/2022,,NCT5,National Championships El Salvador (Parque Walter Thilo Deininger) I.T.T.,40212
19/06/2022,,NCT5,National Championships Guatemala (Escuintla) I.T.T.,40265
19/06/2022,,NC5,National Championships Honduras (Comayagua) R.R.,40514
19/06/2022,,NCT5,National Championships Belize (John Smith Road) I.T.T.,40517
19/06/2022,,NC4,National Championships Finland (Porvoo) R.R.,40539
19/06/2022,,NCT5,National Championships Nicaragua (Tipitapa) I.T.T.,40541
19/06/2022,,NC5,National Championships Burkina Faso (Koudougou) R.R.,40549
19/06/2022,,NCT5,National Championships Bermuda (Clearwater) I.T.T.,40550
22/06/2022,,NCT3,National Championships Estonia (Kuremaa) I.T.T.,40166
22/06/2022,,NCT4,National Championships Latvia (Kuldiga) I.T.T.,40168
22/06/2022,,NCT4,"National Championships Lithuania (Kuldiga, Latvia) I.T.T.",40186
22/06/2022,,NCT1,National Championships Netherlands (Emmen) I.T.T.,40187
22/06/2022,,1.1,Halle - Ingooigem,40222
22/06/2022,,NCT3,National Championships Kazakhstan (Shchuchinsk) I.T.T.,40225
22/06/2022,,NCT4,National Championships Hungary (Bocskaikert) I.T.T.,40229
22/06/2022,,NCT1,National Championships Italy (San Giovanni al Natisone) I.T.T.,40231
22/06/2022,,NCT5,National Championships Philippines (Tagaytay) I.T.T.,40299
22/06/2022,,NCT3,National Championships Poland (Nowy Dwor Mazowiecki - Leoncin) I.T.T.,40510
23/06/2022,,NCT3,National Championships Norway (Steinkjer) I.T.T.,40210
23/06/2022,,NCT5,National Championships Azerbaijan (Pirallahi) I.T.T.,40223
23/06/2022,,NCT5,National Championships Iceland (Hrafnagilshverfi) I.T.T.,40233
23/06/2022,,NCT2,National Championships Great Britain (Dumfries) I.T.T.,40235
23/06/2022,,NCT1,National Championships France (Cholet) I.T.T.,40237
23/06/2022,,NCT1,National Championships Belgium (Gavere) I.T.T.,40239
23/06/2022,,NCT3,National Championships Czech Republic (Kovarov) I.T.T.,40241
23/06/2022,,NCT4,"National Championships Slovakia (Kovarov, CZE) I.T.T.",40243
23/06/2022,,NCT3,National Championships Canada (Edmonton) I.T.T.,40247
23/06/2022,,NCT3,National Championships Ireland (Nenagh - Birdhill) I.T.T.,40249
23/06/2022,,NCT2,National Championships Denmark (Aalborg) I.T.T.,40251
23/06/2022,,NCT3,"National Championships Austria (Novo Mesto, SLO) I.T.T.",40269
23/06/2022,,NCT1,National Championships Slovenia (Novo Mesto) I.T.T.,40506
23/06/2022,,NCT3,National Championships Switzerland (Steinmaur) I.T.T.,40508
23/06/2022,,NCT5,National Championships Brazil (Palmas) I.T.T.,40523
23/06/2022,,NCT4,National Championships Sweden (Björklinge) I.T.T.,40540
23/06/2022,,NCT3,National Championships United States (Knoxville) I.T.T.,40542
23/06/2022,,NCT5,National Championships Mexico (Guadelajara) I.T.T.,40551
23/06/2022,,NCT5,National Championships Dominican Republic (Mirador Sur) I.T.T.,40565
23/06/2022,,NCT5,National Championships Angola (Huila) I.T.T.,40588
23/06/2022,,NE,National Championships Russia (Saransk) I.T.T.,40912
24/06/2022,,NCT4,National Championships Israel (Golan Heights) I.T.T.,40164
24/06/2022,,NC1,National Championships Netherlands (Drijber) R.R.,40188
24/06/2022,,NCT2,National Championships Spain (Cala Millor) I.T.T.,40216
24/06/2022,,NCT4,National Championships Japan (Mihara City) I.T.T.,40227
24/06/2022,,NC4,National Championships Hungary (Pannonhalma) R.R.,40230
24/06/2022,,NCT5,National Championships Kosovo (Ferzaj) I.T.T.,40253
24/06/2022,,NCT4,National Championships Greece (Paranesti) I.T.T.,40255
24/06/2022,,NCT5,National Championships North Macedonia (Stobi) I.T.T.,40257
24/06/2022,,NCT3,National Championships Luxembourg (Nospelt) I.T.T.,40259
24/06/2022,,NCT4,National Championships Croatia (Varazdin) I.T.T.,40261
24/06/2022,,NCT3,National Championships Germany (Marsberg) I.T.T.,40263
24/06/2022,,NCT4,National Championships Eritrea (Asmara) I.T.T.,40267
24/06/2022,,NCT4,National Championships Malaysia (Ipoh) I.T.T.,40289
24/06/2022,,NCT5,National Championships Serbia (Erdevik) I.T.T.,40297
24/06/2022,,NC5,National Championships Philippines (Tagaytay) R.R.,40300
24/06/2022,,NCT4,National Championships Romania (Harghita) I.T.T.,40519
24/06/2022,,NCT4,National Championships Turkey (Gaziantep) I.T.T.,40521
24/06/2022,,NCT3,National Championships Portugal (Mogadouro) I.T.T.,40544
24/06/2022,,NCT4,National Championships Mongolia (Ulaanbatar) I.T.T.,40558
25/06/2022,,NC4,National Championships Israel (Golan Heights) R.R.,40165
25/06/2022,,NC5,National Championships Azerbaijan (Qala) R.R.,40224
25/06/2022,,NC3,National Championships Kazakhstan (Shchuchinsk) R.R.,40226
25/06/2022,,NC5,National Championships Iceland (Reykjahlid) R.R.,40234
25/06/2022,,NCT5,National Championships Grenada (Saint George) I.T.T.,40275
25/06/2022,,NCT4,National Championships Puerto Rico (Toa Baja) I.T.T.,40277
25/06/2022,,NCT5,National Championships Antigua and Barbuda () I.T.T.,40279
25/06/2022,,NCT5,National Championships British Virgin Islands (Tortola) I.T.T.,40285
25/06/2022,,NCT5,National Championships Sint Maarten (Simpson Bay) I.T.T.,40287
25/06/2022,,NC4,National Championships Malaysia (Ipoh) R.R.,40290
25/06/2022,,NCT5,National Championships Georgia () I.T.T.,40291
25/06/2022,,NCT5,National Championships Bulgaria (Nikola Kozlevo) I.T.T.,40293
25/06/2022,,NCT5,National Championships Trinidad and Tobago (San Fernando) I.T.T.,40295
25/06/2022,,NC5,National Championships Mauritius (Soreze) R.R.,40516
25/06/2022,,NCT5,National Championships Montenegro (Danilovgrad) I.T.T.,40527
25/06/2022,,NCT5,National Championships Jamaica (Barrett Town) I.T.T.,40531
25/06/2022,,NCT5,National Championships Moldova (Bacioi) I.T.T.,40566
25/06/2022,,NC5,National Championships Angola (Huila) R.R.,40589
26/06/2022,,NC3,"National Championships Estonia (Kuldiga, Latvia) R.R.",40167
26/06/2022,,NC4,National Championships Latvia (Kuldiga) R.R.,40169
26/06/2022,,NC4,"National Championships Lithuania (Kuldiga, Latvia) R.R.",40185
26/06/2022,,NC5,National Championships El Salvador (San Luis Talpa) R.R.,40213
26/06/2022,,NC2,National Championships Spain (Cala Millor - Palma) R.R.,40217
26/06/2022,,NC4,National Championships Japan (Mihara City) R.R.,40228
26/06/2022,,NC1,National Championships Italy (Marina di Ginosa - Alberobello) R.R.,40232
26/06/2022,,NC2,National Championships Great Britain (Castle Douglas) R.R.,40236
26/06/2022,,NC1,National Championships France (Cholet) R.R.,40238
26/06/2022,,NC1,National Championships Belgium (Middelkerke) R.R.,40240
26/06/2022,,NC3,National Championships Czech Republic (Mlada Vozice) R.R.,40242
26/06/2022,,NC4,"National Championships Slovakia (Mlada Vozice, CZE) R.R.",40244
26/06/2022,,NC3,National Championships Canada (Edmonton) R.R.,40248
26/06/2022,,NC3,National Championships Ireland (Kanturk) R.R.,40250
26/06/2022,,NC2,National Championships Denmark (Aalborg) R.R.,40252
26/06/2022,,NC5,National Championships Kosovo (Ferizaj) R.R.,40254
26/06/2022,,NC4,National Championships Greece (Paranesti) R.R.,40256
26/06/2022,,NC5,National Championships North Macedonia (Kavadarci) R.R.,40258
26/06/2022,,NC3,National Championships Luxembourg (Nospelt) R.R.,40260
26/06/2022,,NC4,National Championships Croatia (Sveti Ilija) R.R.,40262
26/06/2022,,NC3,National Championships Germany (Arnsberg - Winterberg) R.R.,40264
26/06/2022,,NC5,National Championships Guatemala (San Lucas Sacatepequez) R.R.,40266
26/06/2022,,NC4,National Championships Eritrea (Asmara) R.R.,40268
26/06/2022,,NC3,National Championships Austria (Judendorf) R.R.,40270
26/06/2022,,NC5,National Championships Mali (Yirimadio) R.R.,40274
26/06/2022,,NC5,National Championships Grenada (Saint George) R.R.,40276
26/06/2022,,NC4,National Championships Puerto Rico (Peñuelas) R.R.,40278
26/06/2022,,NC5,National Championships Antigua and Barbuda () R.R.,40280
26/06/2022,,NC5,National Championships British Virgin Islands (Tortola) R.R.,40286
26/06/2022,,NC5,National Championships Sint Maarten (Philipsburg) R.R.,40288
26/06/2022,,NC5,National Championships Georgia () R.R.,40292
26/06/2022,,NC5,National Championships Bulgaria (Nikola Kozlevo) R.R.,40294
26/06/2022,,NC5,National Championships Trinidad and Tobago (San Fernando) R.R.,40296
26/06/2022,,NC5,National Championships Serbia (Kraljevo) R.R.,40298
26/06/2022,,NC5,National Championships Ivory Coast (Abidjan) R.R.,40302
26/06/2022,,NC3,National Championships Norway (Levanger) R.R.,40304
26/06/2022,,NC1,National Championships Slovenia (Maribor) R.R.,40507
26/06/2022,,NC3,National Championships Switzerland (Steinmaur) R.R.,40509
26/06/2022,,NC3,National Championships Poland (Nowy Dwor Mazowiecki) R.R.,40511
26/06/2022,,NC5,National Championships Belize (Belize City - Mount Hope) R.R.,40518
26/06/2022,,NC4,National Championships Romania (Harghita) R.R.,40520
26/06/2022,,NC4,National Championships Turkey (Gaziantep) R.R.,40522
26/06/2022,,NC5,National Championships Brazil (Palmas) R.R.,40524
26/06/2022,,NC5,National Championships Montenegro (Danilovgrad) R.R.,40528
26/06/2022,,NC5,National Championships Jamaica (Ocho Rios) R.R.,40532
26/06/2022,,NC5,National Championships Swaziland (Mpaka) R.R.,40533
26/06/2022,,NC3,National Championships United States (Knoxville) R.R.,40543
26/06/2022,,NC3,National Championships Portugal (Mogadouro) R.R.,40545
26/06/2022,,NC4,National Championships Sweden (Uppsala) R.R.,40552
26/06/2022,,NC5,National Championships Bermuda (St. David's) R.R.,40553
26/06/2022,,NC5,National Championships Ghana (Accra) R.R.,40554
26/06/2022,,NC5,National Championships Mexico (Guadelajara) R.R.,40555
26/06/2022,,NC5,National Championships Nicaragua (Managua) R.R.,40556
26/06/2022,,NC4,National Championships Mongolia (Ulaanbatar) R.R.,40557
26/06/2022,,NC5,National Championships Anguilla (Jeremiah Highway) R.R.,40560
26/06/2022,,NC5,National Championships Moldova (Bacioi) R.R.,40567
26/06/2022,,NE,National Championships Russia (Saransk) R.R.,40913
28/06/2022,,NCT5,National Championships Uzbekistan (Tashkent) I.T.T.,40534
29/06/2022,,NC5,National Championships Uzbekistan (Tashkent) R.R.,40535
29/06/2022,,NCT5,National Championships Ethiopia (Diri Dawa) I.T.T.,40587
29/06/2022,2/07/2022,2.2,Course de Solidarnosc et des Champions Olympiques,39983
30/06/2022,,NCT5,National Championships South Korea (Yangyang) I.T.T.,40536
30/06/2022,,XX,Mediterranean Games (Oran) I.T.T.,40559
30/06/2022,,NC5,National Championships Ethiopia (Diri Dawa) R.R.,40586
30/06/2022,3/07/2022,2.2,GP Torres Vedras - Trofeu Joaquim Agostinho,39988
1/07/2022,,NC5,National Championships South Korea (Yangyang) R.R.,40537
1/07/2022,24/07/2022,GT1,Tour de France,40010
2/07/2022,,NC5,National Championships Iran (Tehran) R.R.,40221
2/07/2022,,XX,Mediterranean Games (Oran) R.R.,40561
2/07/2022,,NCT5,National Championships Rwanda (Nyamata) I.T.T.,40562
2/07/2022,,NCT5,National Championships Bahamas (Clifton Heritage) I.T.T.,40569
2/07/2022,5/07/2022,2.1,Sibiu Cycling Tour,40017
2/07/2022,6/07/2022,2.1,Österreich-Rundfahrt / Tour of Austria,40024
3/07/2022,,NCT5,National Championships Iran (Tehran) I.T.T.,40220
3/07/2022,,1.2,Giro del Medio Brenta,40305
3/07/2022,,NC5,National Championships Rwanda (Kigali) R.R.,40563
3/07/2022,,NC5,National Championships Dominican Republic (Santo Domingo) R.R.,40564
3/07/2022,,NC5,National Championships Bahamas (Clifton Heritage) R.R.,40568
3/07/2022,,NC5,National Championships Cameroon (Yaoundé - Ayos) R.R.,40570
5/07/2022,,1.2,Trofeo Citta di Brescia,40306
7/07/2022,,NE,National Championships Belarus (Minsk) I.T.T.,40909
8/07/2022,,1.2,Chrono Kristin Armstrong,40307
8/07/2022,,NCT5,National Championships Cuba (Havana) I.T.T.,40593
9/07/2022,,1.2,Visegrad 4 Bicycle Race - GP Czech Republic,40308
9/07/2022,,NC5,National Championships Cuba (Havana) R.R.,40594
9/07/2022,,NE,National Championships Belarus (Minsk) R.R.,40910
10/07/2022,,1.2,2 Districtenpijl - Ekeren-Deurne,40309
10/07/2022,,1.2,Delta Road Race,40310
10/07/2022,,1.2,Visegrad 4 Bicycle Race - GP Polski,40311
10/07/2022,,1.2,GP de la Ville de Nogent-sur-Oise,40312
10/07/2022,,NCT5,National Championships Singapore (Tanah Merah) I.T.T.,40590
10/07/2022,,NCT5,National Championships Cayman Islands (East End) I.T.T.,40601
13/07/2022,17/07/2022,2.2U,Giro della Valle d'Aosta Mont Blanc,40040
13/07/2022,17/07/2022,2.1,Settimana Ciclistica Italiana,40046
16/07/2022,,1.1,Slag om Norg,40313
16/07/2022,,NCT5,National Championships Indonesia (Banjuwangi) I.T.T.,40322
16/07/2022,17/07/2022,2.2,Gemenc GP,40573
17/07/2022,,NC5,National Championships Indonesia (Banjuwangi) R.R.,40323
17/07/2022,,NC5,National Championships Cayman Islands (East End) R.R.,40611
18/07/2022,,1.1,GP Pino Cerami,40316
21/07/2022,,NCT4,National Championships Algeria (Bab al Assa) I.T.T.,39444
23/07/2022,,1.2,GP Erciyes,39735
23/07/2022,,1.2,Visegrad 4 Bicycle Race - GP Hungary,40317
23/07/2022,27/07/2022,2.PS,Tour de Wallonie,40052
24/07/2022,,NC4,National Championships Algeria (Bab al Assa) R.R.,39445
24/07/2022,,1.2,GP Kayseri,39731
24/07/2022,,1.2,GP Kranj,40318
24/07/2022,,1.2,Visegrad 4 Bicycle Race - GP Slovakia,40319
24/07/2022,,1.2,GP de la Ville de Pérenchies,40320
24/07/2022,,NC5,National Championships Singapore (Changi) R.R.,40591
24/07/2022,,NCT5,National Championships Malta I.T.T.,40612
24/07/2022,31/07/2022,2.2,Vuelta a Venezuela,40582
25/07/2022,,1.1,Prueba Villafranca - Ordiziako Klasika,40321
25/07/2022,31/07/2022,2.PS,Tour of Utah,40060
26/07/2022,,1.2,Memorial Andrzeja Trochanowskiego,39715
27/07/2022,3/08/2022,2.2,Tour of Qinghai Lake,40033
27/07/2022,30/07/2022,2.2,Dookola Mazowsza,40065
27/07/2022,31/07/2022,2.2,Tour Alsace,40071
27/07/2022,31/07/2022,2.2,Vuelta a Miranda,40077
27/07/2022,28/07/2022,2.1,Vuelta a Castilla y Leon,40585
29/07/2022,1/08/2022,2.2,Kreiz Breizh Elites,40082
30/07/2022,,1.WT2,Clasica San Sebastian,40325
30/07/2022,,NCT5,National Championships Paraguay (Santa Fe del Parana) I.T.T.,40326
30/07/2022,,NCT5,National Championships Hong Kong (Tai Po) I.T.T.,40615
30/07/2022,5/08/2022,2.WT2,Tour de Pologne,40090
31/07/2022,,NC5,National Championships Lebanon (Biskanta) R.R.,40215
31/07/2022,,1.2,Puchar Ministra Obrony Narodowej,40324
31/07/2022,,NC5,National Championships Paraguay (San Alberto) R.R.,40327
31/07/2022,,1.1,Circuito de Getxo,40328
31/07/2022,,1.2,GP Yahyali,40592
31/07/2022,,NC5,National Championships Malta R.R.,40613
31/07/2022,,NC5,National Championships Hong Kong (Tin Shui Wai) R.R.,40614
2/08/2022,6/08/2022,2.PS,Vuelta a Burgos,40353
4/08/2022,,1.2,GP Velo Erciyes,40153
4/08/2022,,XX,Commonwealth Games (Wolverhampton) I.T.T.,40596
4/08/2022,7/08/2022,2.1,Sazka Tour,40374
4/08/2022,15/08/2022,2.1,Volta a Portugal,40386
5/08/2022,7/08/2022,2.2,Tour of Kosovo,40390
5/08/2022,14/08/2022,2.2,Tour de la Guadeloupe,40401
6/08/2022,,1.2,Scandinavian Race Uppsala,40329
6/08/2022,,NCT5,National Championships United States Virgin Islands (St. Croix) I.T.T.,40643
6/08/2022,,1.2,La Maurienne,40359
7/08/2022,,1.1,Tour of Leuven - Memorial Jef Scherens,40595
7/08/2022,,XX,Commonwealth Games (Warwick) R.R.,40597
7/08/2022,,NC5,National Championships United States Virgin Islands (St. Croix) R.R.,40642
9/08/2022,11/08/2022,2.1,Tour de l'Ain,40405
10/08/2022,,1.PS,Circuit Franco-Belge,40598
10/08/2022,13/08/2022,2.2,Tour of Szeklerland,40410
11/08/2022,14/08/2022,2.PS,Arctic Race of Norway,40369
13/08/2022,,1.2,Memorial Henryka Lasaka,40336
14/08/2022,,1.1,Polynormande,40330
14/08/2022,,1.2U,GP di Poggiana,40331
14/08/2022,,NC1,European Championships (München) R.R.,40599
14/08/2022,,1.2,Memorial Jana Magiery / Puchar Uzdrowisk Karpackich,40704
16/08/2022,,1.2U,GP Capodarco,40332
16/08/2022,19/08/2022,2.1,Tour du Limousin,40415
16/08/2022,20/08/2022,2.PS,Danmark Rundt - Tour of Denmark,40421
17/08/2022,,NCT1,European Championships (Fürstenfeldbruck) I.T.T.,40600
18/08/2022,,1.2,GP Tomarza,40708
18/08/2022,21/08/2022,2.2,Baltic Chain Tour,40426
18/08/2022,28/08/2022,2.NC,Tour de l'Avenir,40438
19/08/2022,,1.2,GP Kapuzbasi,40333
19/08/2022,11/09/2022,GT2,Vuelta a España,40460
20/08/2022,,1.2,GP Develi,40339
21/08/2022,,1.1,Schaal Sels - Merksem,40334
21/08/2022,,1.2,GP Cappadocia,40335
21/08/2022,,1.WT2,Bemer Cyclassics - Hamburg,40337
23/08/2022,,1.1,Egmont Cycling Race,40340
23/08/2022,26/08/2022,2.1,Tour Poitou-Charentes en Nouvelle Aquitaine,40474
24/08/2022,,1.1,Druivenkoers - Overijse,40341
24/08/2022,28/08/2022,2.PS,Deutschland Tour,40480
25/08/2022,28/08/2022,2.2,Tour of Sakarya,40364
27/08/2022,,1.2,Himmerland Rundt,40342
27/08/2022,28/08/2022,2.1,Tour of Almaty,40483
27/08/2022,1/09/2022,2.2,Tour de Bulgaria,40490
28/08/2022,,1.2,Skive Løbet,40343
28/08/2022,,1.2,Ronde van de Achterhoek,40344
28/08/2022,,1.WT2,Bretagne Classic - Ouest-France,40346
29/08/2022,4/09/2022,2.WT2,Benelux Tour,40498
1/09/2022,4/09/2022,2.2,Giro del Friuli Venezia Giulia,40647
1/09/2022,3/09/2022,2.2U,Flanders Tomorrow Tour,40652
3/09/2022,,1.2,Lillehammer GP,40616
3/09/2022,4/09/2022,2.2,In the footsteps of the Romans,40604
4/09/2022,,1.1,Tour du Doubs,39698
4/09/2022,,1.2,Gylne Gutuer GP,40617
4/09/2022,,1.PS,Maryland Classic,40618
4/09/2022,11/09/2022,2.PS,Tour of Britain,40661
6/09/2022,11/09/2022,2.1,Turul al Romaniei / Romanian Tour,40668
7/09/2022,11/09/2022,2.2,Vuelta a Chiloe,39460
8/09/2022,11/09/2022,2.2,Tour of South Bohemia,40673
9/09/2022,,1.WT2,GP de Québec,40620
9/09/2022,10/09/2022,2.NC,Orlen Nations GP,39865
9/09/2022,11/09/2022,2.2,Tour de Hokkaido,40703
10/09/2022,,1.2,Germenica GP,40314
10/09/2022,,NCT5,National Championships Albania (Belsh) I.T.T.,40338
10/09/2022,,NCT5,National Championships Fiji (Sigatoka) I.T.T.,40805
11/09/2022,,1.2,Kahramanmaras GP,40315
11/09/2022,,1.WT2,GP de Montréal,40621
11/09/2022,,1.2,GP de la Somme,40627
11/09/2022,,1.PS,GP de Fourmies,40628
11/09/2022,,NC5,National Championships Albania (Belsh) R.R.,40709
11/09/2022,,NC5,National Championships Fiji (Sigatoka) R.R.,40804
13/09/2022,,1.2,GP de la Patagonia,39409
13/09/2022,17/09/2022,2.PS,Tour de Luxembourg,40680
13/09/2022,17/09/2022,2.1,Tour de Slovaquie,40686
14/09/2022,,1.1,Giro della Toscana - Memorial Alfredo Martini,40629
14/09/2022,,1.PS,GP de Wallonie,40630
14/09/2022,17/09/2022,2.2,Tour de Beauce,39951
14/09/2022,17/09/2022,2.2,Tour de Serbie,39968
15/09/2022,,1.PS,Coppa Sabatini - GP Citta di Peccioli,40710
16/09/2022,,1.1,Kampioenschap van Vlaanderen,40631
17/09/2022,,NCT5,National Championships Barbados (Bridgetown) I.T.T.,40283
17/09/2022,,1.PS,Primus Classic Impanis - Van Petegem,40632
17/09/2022,,1.1,Memorial Marco Pantani,40633
17/09/2022,,1.2,GP Rik van Looy,40803
18/09/2022,,NC5,National Championships Barbados (Bridgetown) R.R.,40284
18/09/2022,,WCTT,World Championships (Wollongong) I.T.T.,40622
18/09/2022,,1.1,Gooikse Pijl,40634
18/09/2022,,1.1,Trofeo Matteotti,40635
18/09/2022,,1.1,GP d'Isbergues - Pas de Calais,40636
18/09/2022,,NC5,National Championships Botswana (Otse) R.R.,40806
19/09/2022,,WCUT,World Championships U23 (Wollongong) I.T.T.,40623
21/09/2022,,WCTT,World Championships (Wollongong) Mixed Relay T.T.T.,40624
21/09/2022,,1.1,Omloop van het Houtland - Lichtervelde,40637
22/09/2022,25/09/2022,2.2,Tour of Mesopotamia,40610
23/09/2022,,WCU,World Championships U23 (Wollongong) R.R.,40625
25/09/2022,,WCRR,World Championships (Wollongong) R.R.,40626
25/09/2022,,1.1,Paris - Chauny,40638
27/09/2022,,1.2U,Ruota d'Oro - GP Festa del Perdono,40639
27/09/2022,2/10/2022,2.1,Cro Race,40693
28/09/2022,2/10/2022,2.2U,Ronde de l'Isard,40699
29/09/2022,,1.1,Coppa Agostoni - Giro delle Brianze,40640
29/09/2022,3/10/2022,2.1,Tour of Iran-Azarbaijan,40735
1/10/2022,,1.PS,Giro dell'Emilia,40711
1/10/2022,3/10/2022,2.2,Tour of Montenegro,40739
2/10/2022,,1.2U,Piccolo Giro di Lombardia,40712
2/10/2022,,1.1,Tour de Vendée,40713
2/10/2022,,1.1,Famenne Ardenne Classic,40714
2/10/2022,,1.2,Oita Urban Classic,40807
2/10/2022,6/10/2022,2.1,Tour de Taiwan,40745
3/10/2022,,1.2,Juegos Suramericanos (Asuncion) I.T.T.,40530
3/10/2022,,1.PS,Münsterland Giro,40715
3/10/2022,,1.PS,Coppa Bernocchi,40716
3/10/2022,8/10/2022,2.2,GP Chantal Biya,40813
4/10/2022,,1.1,Binche - Chimay - Binche / Mémorial Frank Vandenbroucke,40717
4/10/2022,,1.PS,Tre Valli Varesine,40718
4/10/2022,7/10/2022,2.2,International Syrian Tour,40832
5/10/2022,,1.2,Juegos Suramericanos (Asuncion) R.R.,40529
6/10/2022,,1.PS,Gran Piemonte,40719
6/10/2022,,1.1,Paris - Bourges,40720
7/10/2022,,NCT5,National Championships Oman I.T.T.,39436
8/10/2022,,NC5,National Championships Aruba (Sint Nicolaas) R.R.,40282
8/10/2022,,1.WT1,Il Lombardia,40721
8/10/2022,,NCT5,National Championships Suriname (DDB Highway) I.T.T.,40817
9/10/2022,,1.1,Memorial Rik Van Steenbergen / Kempen Classic,40722
9/10/2022,,1.2U,Paris - Tours Espoirs,40723
9/10/2022,,1.PS,Paris - Tours,40724
9/10/2022,,NC5,National Championships Suriname (Powakkaweg) R.R.,40816
11/10/2022,18/10/2022,2.PS,Tour de Langkawi,39474
12/10/2022,,1.1,Giro del Veneto,40725
14/10/2022,,NC5,National Championships Oman R.R.,39437
14/10/2022,,1.2,Central American Championships (Perez Zeledon) I.T.T.,40815
15/10/2022,,NCT5,National Championships Tunisia (Manouba) I.T.T.,40819
16/10/2022,,1.1,Veneto Classic,40726
16/10/2022,,1.PS,Japan Cup,40727
16/10/2022,,1.2U,Chrono des Nations u23,40728
16/10/2022,,1.1,Chrono des Nations,40729
16/10/2022,,1.2,Central American Championships (Perez Zeledon) R.R.,40814
16/10/2022,,NC5,National Championships Tunisia (Tunis) R.R.,40818
22/10/2022,,1.2,Caribbean Championships (Santo Domingo) I.T.T.,40820
22/10/2022,,NCT5,National Championships Bosnia and Herzegovina (Zaluzani) I.T.T.,40822
23/10/2022,,1.2,Caribbean Championships (Santo Domingo) R.R.,40821
23/10/2022,,NC5,National Championships Bosnia and Herzegovina (Zaluzani) R.R.,40823
23/10/2022,1/11/2022,2.2,Vuelta a Guatemala,40776
29/10/2022,,NCT5,National Championships Aruba (Oranjestad) I.T.T.,40281
3/11/2022,,1.2,Challenges de la Marche Verte - GP Sakia El Hamra,40205
5/11/2022,,1.2,Challenges de la Marche Verte - GP Oued Eddahab,40206
6/11/2022,,1.2,Challenges de la Marche Verte - GP Al Massira,40207
6/11/2022,,NCT5,National Championships Taiwan (Taitung) I.T.T.,40826
7/11/2022,,NC5,National Championships Taiwan (Taitung) R.R.,40827
8/11/2022,,1.2,Challenge du Prince - Trophée Princier,40202
10/11/2022,,1.2,Challenge du Prince - Trophée de l'Anniversaire,40203
11/11/2022,,1.2,Challenge du Prince - Trophée de la Maison Royale,40204
11/11/2022,,NCT5,National Championships Zimbabwe (Shamva Road) I.T.T.,40917
11/11/2022,20/11/2022,2.2,Tour du Faso,40787
12/11/2022,,NC5,National Championships Seychelles (Mahé) R.R.,40833
12/11/2022,,NC5,National Championships Zimbabwe (Shamva Road) R.R.,40916
12/11/2022,19/11/2022,2.2,Vuelta al Ecuador,40760
13/11/2022,,1.2,Tour de Okinawa,40345
26/11/2022,,NCT5,National Championships Zambia (Lusaka) I.T.T.,40835
27/11/2022,,NC5,National Championships Zambia (Lusaka) R.R.,40834
3/12/2022,,NCT5,National Championships Peru (Paracas) I.T.T.,40825
4/12/2022,,NC5,National Championships Peru (Paracas) R.R.,40824
9/12/2022,,NCT5,National Championships Guam (Hagatna) I.T.T.,40838
11/12/2022,,NC5,National Championships Guam (Hagatna) R.R.,40836
16/12/2022,25/12/2022,2.2,Vuelta a Costa Rica,40798
18/12/2022,,NC5,National Championships Chile (Linares) R.R.,40119
23/12/2022,,1.2,"Arab Road Cycling Championships (Kalba, Sharjah)",40839
24/12/2022,,NCT5,National Championships China (Changzhou) I.T.T.,40214
25/12/2022,,NC5,National Championships China (Changzhou) R.R.,40619
